voldemort.store.routed.Pipeline.abort,voldemort.store.routed.Pipeline.isHintedHandoffEnabled
voldemort.cluster.failuredetector.BannagePeriodFailureDetector.<init>voldemort.cluster.failuredetector.FailureDetectorConfig,voldemort.cluster.failuredetector.FailureDetectorConfig.getNodes
voldemort.cluster.failuredetector.BannagePeriodFailureDetector.createNodeStatuslong,voldemort.cluster.failuredetector.NodeStatus.<init>
voldemort.store.routed.action.ConfigureNodes.executevoldemort.store.routed.Pipeline,voldemort.store.routed.BasicPipelineData.getZonesRequired
voldemort.MainDecaf.testintint,voldemort.store.routed.Pipeline.<init>voldemort.store.routed.Pipeline.Operationlongjava.util.concurrent.TimeUnit
voldemort.cluster.failuredetector.BannagePeriodFailureDetector.createNodeStatuslong,voldemort.cluster.failuredetector.NodeStatus.setStartMillislong
voldemort.store.routed.action.ConfigureNodes.executevoldemort.store.routed.Pipeline,voldemort.store.routed.Pipeline.getOperation
voldemort.cluster.failuredetector.BannagePeriodFailureDetector.isAvailablevoldemort.cluster.Node,voldemort.cluster.failuredetector.NodeStatus.getLastChecked
voldemort.cluster.Cluster.<init>java.lang.Stringjava.util.Listjava.util.List,voldemort.cluster.Zone.getId
voldemort.store.routed.action.ConfigureNodes.executevoldemort.store.routed.Pipeline,voldemort.cluster.Zone.getId
voldemort.store.routed.Pipeline.execute,voldemort.store.routed.action.ConfigureNodes.executevoldemort.store.routed.Pipeline
voldemort.store.routed.action.ConfigureNodes.executevoldemort.store.routed.Pipeline,voldemort.store.routed.action.ConfigureNodes.getNodesvoldemort.utils.ByteArray
voldemort.cluster.failuredetector.BannagePeriodFailureDetector.setAvailablevoldemort.cluster.failuredetector.NodeStatusboolean,voldemort.cluster.failuredetector.NodeStatus.isAvailable
voldemort.store.routed.action.ConfigureNodes.getNodesvoldemort.utils.ByteArray,voldemort.cluster.Node.getId
voldemort.MainDecaf.testintint,voldemort.store.routed.Pipeline.addEventActionvoldemort.store.routed.Pipeline.Eventvoldemort.store.routed.action.ConfigureNodes
voldemort.cluster.failuredetector.BannagePeriodFailureDetector.isAvailablevoldemort.cluster.Node,voldemort.cluster.failuredetector.BannagePeriodFailureDetector.setAvailablevoldemort.cluster.Node
voldemort.cluster.failuredetector.BannagePeriodFailureDetector.setAvailablevoldemort.cluster.failuredetector.NodeStatusboolean,voldemort.cluster.failuredetector.FailureDetectorConfig.getTime
voldemort.cluster.failuredetector.BannagePeriodFailureDetector.isAvailablevoldemort.cluster.Node,voldemort.cluster.failuredetector.FailureDetectorConfig.getBannagePeriod
voldemort.cluster.failuredetector.BannagePeriodFailureDetector.setAvailablevoldemort.cluster.Node,voldemort.cluster.failuredetector.BannagePeriodFailureDetector.getNodeStatusvoldemort.cluster.Node
voldemort.cluster.Cluster.<init>java.lang.Stringjava.util.Listjava.util.List,voldemort.utils.Utils.notNulljava.lang.Object
voldemort.cluster.failuredetector.BannagePeriodFailureDetector.isAvailablevoldemort.cluster.Node,voldemort.cluster.failuredetector.NodeStatus.isAvailable
voldemort.store.routed.action.ConfigureNodes.getNodesvoldemort.utils.ByteArray,voldemort.utils.ByteArray.get
voldemort.cluster.failuredetector.BannagePeriodFailureDetector.isAvailablevoldemort.cluster.Node,voldemort.cluster.failuredetector.FailureDetectorConfig.getTime
voldemort.MainDecaf.testintint,voldemort.MainDecaf.toByteArrayjava.lang.String
voldemort.MainDecaf.createThreeNodeCluster,voldemort.cluster.Node.<init>intjava.lang.Stringintintintintjava.util.List
voldemort.cluster.failuredetector.BannagePeriodFailureDetector.createNodeStatuslong,voldemort.cluster.failuredetector.NodeStatus.setAvailableboolean
voldemort.cluster.failuredetector.BannagePeriodFailureDetector.setAvailablevoldemort.cluster.failuredetector.NodeStatusboolean,voldemort.cluster.failuredetector.NodeStatus.setAvailableboolean
voldemort.MainDecaf.testintint,voldemort.cluster.Cluster.getNodes
voldemort.cluster.failuredetector.BannagePeriodFailureDetector.<init>voldemort.cluster.failuredetector.FailureDetectorConfig,voldemort.cluster.failuredetector.FailureDetectorConfig.getTime
voldemort.MainDecaf.mainjava.lang.String[],voldemort.MainDecaf.testintint
voldemort.cluster.Cluster.<init>java.lang.Stringjava.util.Listjava.util.List,voldemort.cluster.Node.getId
voldemort.cluster.failuredetector.BannagePeriodFailureDetector.createNodeStatuslong,voldemort.cluster.failuredetector.NodeStatus.setLastCheckedlong
voldemort.cluster.failuredetector.BannagePeriodFailureDetector.<init>voldemort.cluster.failuredetector.FailureDetectorConfig,voldemort.utils.SystemTime.getMilliseconds
voldemort.MainDecaf.testintint,voldemort.store.routed.BasicPipelineData.getNodes
voldemort.cluster.Node.<init>intjava.lang.Stringintintintintjava.util.List,voldemort.utils.Utils.notNulljava.lang.Object
voldemort.store.routed.action.ConfigureNodes.getNodesvoldemort.utils.ByteArray,voldemort.cluster.failuredetector.BannagePeriodFailureDetector.isAvailablevoldemort.cluster.Node
voldemort.cluster.failuredetector.BannagePeriodFailureDetector.isAvailablevoldemort.cluster.Node,voldemort.cluster.failuredetector.BannagePeriodFailureDetector.getNodeStatusvoldemort.cluster.Node
voldemort.cluster.failuredetector.BannagePeriodFailureDetector.setAvailablevoldemort.cluster.failuredetector.NodeStatusboolean,voldemort.utils.SystemTime.getMilliseconds
voldemort.MainDecaf.toByteArrayjava.lang.String,voldemort.utils.ByteArray.<init>byte[]
voldemort.cluster.failuredetector.BannagePeriodFailureDetector.<init>voldemort.cluster.failuredetector.FailureDetectorConfig,voldemort.cluster.failuredetector.BannagePeriodFailureDetector.createNodeStatuslong
voldemort.cluster.failuredetector.BannagePeriodFailureDetector.setAvailablevoldemort.cluster.Node,voldemort.cluster.failuredetector.BannagePeriodFailureDetector.setAvailablevoldemort.cluster.failuredetector.NodeStatusboolean
voldemort.store.routed.action.ConfigureNodes.executevoldemort.store.routed.Pipeline,voldemort.cluster.Node.getZoneId
voldemort.utils.ByteArray.<init>byte[],voldemort.utils.Utils.notNulljava.lang.Objectjava.lang.String
voldemort.cluster.Cluster.<init>java.lang.Stringjava.util.Listjava.util.List,voldemort.cluster.Cluster.getNumberOfTagsjava.util.List
voldemort.store.routed.action.ConfigureNodes.<init>voldemort.store.routed.BasicPipelineDatavoldemort.store.routed.Pipeline.Eventvoldemort.cluster.failuredetector.BannagePeriodFailureDetectorintvoldemort.routing.RouteToAllStrategyvoldemort.utils.ByteArrayvoldemort.cluster.Zone,voldemort.utils.Utils.notNulljava.lang.Object
voldemort.MainDecaf.testintint,voldemort.MainDecaf.createThreeNodeCluster
voldemort.MainDecaf.testintint,voldemort.cluster.failuredetector.FailureDetectorConfig.<init>
voldemort.store.routed.action.ConfigureNodes.executevoldemort.store.routed.Pipeline,voldemort.cluster.Zone.getProximityList
voldemort.store.routed.action.ConfigureNodes.executevoldemort.store.routed.Pipeline,voldemort.store.routed.Pipeline.Operation.getSimpleName
voldemort.MainDecaf.testintint,voldemort.store.routed.Pipeline.addEventvoldemort.store.routed.Pipeline.Event
voldemort.cluster.Cluster.<init>java.lang.Stringjava.util.Listjava.util.List,voldemort.cluster.Zone.<init>
voldemort.store.routed.action.ConfigureNodes.getNodesvoldemort.utils.ByteArray,voldemort.routing.RouteToAllStrategy.routeRequestbyte[]
voldemort.store.routed.action.ConfigureNodes.executevoldemort.store.routed.Pipeline,voldemort.store.routed.Pipeline.abort
voldemort.store.routed.Pipeline.abort,voldemort.store.routed.Pipeline.addEventvoldemort.store.routed.Pipeline.Event
voldemort.MainDecaf.createThreeNodeCluster,voldemort.cluster.Cluster.<init>java.lang.Stringjava.util.Listjava.util.List
voldemort.cluster.failuredetector.FailureDetectorConfig.setNodesjava.util.Collection,voldemort.utils.Utils.notNulljava.lang.Object
voldemort.MainDecaf.testintint,voldemort.store.routed.action.ConfigureNodes.<init>voldemort.store.routed.BasicPipelineDatavoldemort.store.routed.Pipeline.Eventvoldemort.cluster.failuredetector.BannagePeriodFailureDetectorintvoldemort.routing.RouteToAllStrategyvoldemort.utils.ByteArrayvoldemort.cluster.Zone
voldemort.MainDecaf.testintint,voldemort.routing.RouteToAllStrategy.<init>java.util.Collection
voldemort.cluster.Cluster.getNumberOfTagsjava.util.List,voldemort.cluster.Node.getPartitionIds
voldemort.store.routed.action.ConfigureNodes.executevoldemort.store.routed.Pipeline,voldemort.store.routed.BasicPipelineData.setNodesjava.util.List
voldemort.MainDecaf.mainjava.lang.String[],voldemort.MainDecaf.<init>
voldemort.cluster.failuredetector.BannagePeriodFailureDetector.isAvailablevoldemort.cluster.Node,voldemort.utils.SystemTime.getMilliseconds
voldemort.cluster.failuredetector.BannagePeriodFailureDetector.setAvailablevoldemort.cluster.failuredetector.NodeStatusboolean,voldemort.cluster.failuredetector.NodeStatus.setLastCheckedlong
voldemort.store.routed.action.ConfigureNodes.executevoldemort.store.routed.Pipeline,voldemort.store.routed.Pipeline.addEventvoldemort.store.routed.Pipeline.Event
voldemort.cluster.failuredetector.BannagePeriodFailureDetector.isAvailablevoldemort.cluster.Node,voldemort.cluster.failuredetector.BannagePeriodFailureDetector.checkNodeArgvoldemort.cluster.Node
voldemort.MainDecaf.testintint,voldemort.cluster.failuredetector.FailureDetectorConfig.setNodesjava.util.Collection
voldemort.MainDecaf.testintint,voldemort.cluster.failuredetector.BannagePeriodFailureDetector.<init>voldemort.cluster.failuredetector.FailureDetectorConfig
voldemort.cluster.failuredetector.BannagePeriodFailureDetector.getNodeStatusvoldemort.cluster.Node,voldemort.cluster.failuredetector.BannagePeriodFailureDetector.createNodeStatuslong
voldemort.MainDecaf.testintint,voldemort.store.routed.BasicPipelineData.<init>
voldemort.store.routed.action.ConfigureNodes.getNodesvoldemort.utils.ByteArray,voldemort.store.routed.BasicPipelineData.addFailedNodevoldemort.cluster.Node
voldemort.cluster.failuredetector.BannagePeriodFailureDetector.getNodeStatusvoldemort.cluster.Node,voldemort.utils.SystemTime.getMilliseconds
voldemort.cluster.failuredetector.BannagePeriodFailureDetector.setAvailablevoldemort.cluster.failuredetector.NodeStatusboolean,voldemort.cluster.failuredetector.BannagePeriodFailureDetector.getConfig
voldemort.MainDecaf.testintint,voldemort.store.routed.Pipeline.execute
voldemort.cluster.failuredetector.BannagePeriodFailureDetector.getNodeStatusvoldemort.cluster.Node,voldemort.cluster.failuredetector.FailureDetectorConfig.getTime
